,index,SUMLEV,REGION,DIVISION,STATE,NAMEleft,CENSUS2010POP,ESTIMATESBASE2010,POPESTIMATE2010,POPESTIMATE2011,NPOPCHG_2010,NPOPCHG_2011,BIRTHS2010,BIRTHS2011,DEATHS2010,DEATHS2011,NATURALINC2010,NATURALINC2011,INTERNATIONALMIG2010,INTERNATIONALMIG2011,DOMESTICMIG2010,DOMESTICMIG2011,NETMIG2010,NETMIG2011,RESIDUAL2010,RESIDUAL2011,RBIRTH2011,RDEATH2011,RNATURALINC2011,RINTERNATIONALMIG2011,RDOMESTICMIG2011,RNETMIG2011,NAMEleft.1,NAME,state,StateName,AllRevenue,AllExpenses,AllGovtGrants,AllContributions,AllAssets,ArtMuseumRevenue,ArtMuseumExpenses,ArtMuseumGovtGrants,ArtMuseumContributions,ArtMuseumAssets,ChildrenMuseumRevenue,ChildrenMuseumExpenses,ChildrenMuseumGovtGrants,ChildrenMuseumContributions,ChildrenMuseumAssets,HistoryMuseumRevenue,HistoryMuseumExpenses,HistoryMuseumGovtGrants,HistoryMuseumContributions,HistoryMuseumAssets,MuseumRevenue,MuseumExpenses,MuseumGovtGrants,MuseumContributions,MuseumAssets,PerformingArtsRevenue,PerformingArtsExpenses,PerformingArtsGovtGrants,PerformingArtsContributions,PerformingArtsAssets,DanceRevenue,DanceExpenses,DanceGovtGrants,DanceContributions,DanceAssets,BalletRevenue,BalletExpenses,BalletGovtGrants,BalletContributions,BalletAssets,TheaterRevenue,TheaterExpenses,TheaterGovtGrants,TheaterContributions,TheaterAssets,OperaRevenue,OperaExpenses,OperaGovtGrants,OperaContributions,OperaAssets,SymphonyOrchestraRevenue,SymphonyOrchestraExpenses,SymphonyOrchestraGovtGrants,SymphonyOrchestraContributions,SymphonyOrchestraAssets,MediaRevenue,MediaExpenses,MediaGovtGrants,MediaContributions,MediaAssets,FilmRevenue,FilmExpenses,FilmGovtGrants,FilmContributions,FilmAssets,TelevisionRevenue,TelevisionExpenses,TelevisionGovtGrants,TelevisionContributions,TelevisionAssets,PublishingRevenue,PublishingExpenses,PublishingGovtGrants,PublishingContributions,PublishingAssets,RadioRevenue,RadioExpenses,RadioGovtGrants,RadioContributions,RadioAssets
0,0,10,0,0,0,United States,308745538,308745538,309330219,311591917,584681,2261698,990000,4008000,595786,2450126,394214,1557874,190467,703824,0,0,190467,703824,0,0,12.90983126,7.891894516,5.017936742,2.267028212,0.0,2.267028212,,United States,,,,,,,,,,,,,,,,,,,,,,,,,,,,,,,,,,,,,,,,,,,,,,,,,,,,,,,,,,,,,,,,,,,,,,,,,,,,,,,,,,
1,1,20,1,0,0,Northeast Region,55317240,55317244,55366108,55521598,48864,155490,161044,644052,112828,457744,48216,186308,36987,143923,-35356,-173113,1631,-29190,-983,-1628,11.61629225,8.255991877,3.360300375,2.595833302,-3.122311864,-0.526478562,,Northeast Region,,,,,,,,,,,,,,,,,,,,,,,,,,,,,,,,,,,,,,,,,,,,,,,,,,,,,,,,,,,,,,,,,,,,,,,,,,,,,,,,,,
2,2,20,2,0,0,Midwest Region,66927001,66926987,66976458,67158835,49471,182377,211730,844948,138684,570171,73046,274777,22995,86892,-46160,-178994,-23165,-92102,-410,-298,12.59844417,8.501431461000001,4.097012708,1.295587434,-2.668857629,-1.373270195,,Midwest Region,,,,,,,,,,,,,,,,,,,,,,,,,,,,,,,,,,,,,,,,,,,,,,,,,,,,,,,,,,,,,,,,,,,,,,,,,,,,,,,,,,
3,3,20,3,0,0,South Region,114555744,114555757,114857529,116046736,301772,1189207,375655,1534432,228433,944407,147222,590025,74318,262273,79590,334425,153908,596698,642,2484,13.29063368,8.18007411,5.110559565,2.271703383,2.896655027,5.16835841,,South Region,,,,,,,,,,,,,,,,,,,,,,,,,,,,,,,,,,,,,,,,,,,,,,,,,,,,,,,,,,,,,,,,,,,,,,,,,,,,,,,,,,
4,4,20,4,0,0,West Region,71945553,71945550,72130124,72864748,184574,734624,241571,984568,115841,477804,125730,506764,56167,210736,1926,17682,58093,228418,751,-558,13.58072857,6.590633081,6.990095483999999,2.9068062489999997,0.24389828100000002,3.15070453,,West Region,,,,,,,,,,,,,,,,,,,,,,,,,,,,,,,,,,,,,,,,,,,,,,,,,,,,,,,,,,,,,,,,,,,,,,,,,,,,,,,,,,
5,5,40,3,6,1,Alabama,4779736,4779735,4785401,4802740,5666,17339,14482,59866,11562,47768,2920,12098,1487,4461,1278,696,2765,5157,-19,84,12.48750931,9.96397529,2.52353402,0.9305244890000001,0.145179342,1.07570383,Alabama,Alabama,AL,Alabama,156914948.71,157722459.01999998,14992270.0,60870422.25,608059670.61,9109430.0,9750313.0,1448617.0,3962108.0,58326573.0,8452873.0,7925835.0,444779.0,4766350.0,14485663.0,5200204.0,4377439.0,212667.0,1091980.0,62525819.0,36999388.0,45013096.0,6289744.0,13678637.0,299128605.0,50366129.51,49525186.45,1812119.0,20195152.51,37749507.1,1144049.0,1100491.0,18900.0,293267.0,1701287.0,2949115.0,2879008.0,85005.0,666341.0,2983031.0,17401344.0,17277734.0,698806.0,7030571.0,12548453.0,961966.0,903133.0,59927.0,622345.0,1748151.0,13896099.0,13076518.0,706825.0,6788061.0,9561705.0,4794916.0,4142060.0,140647.0,3702728.0,6664619.0,1706580.0,1157935.0,1.0,1207860.0,664176.0,82416.0,124069.0,1.0,1.0,139261.0,192224.0,273867.0,1.0,207992.0,1833532.0,1080374.0,1125414.0,140647.0,865373.0,716859.0
6,6,40,4,9,2,Alaska,710231,710231,714146,722718,3915,8572,2834,11193,647,3338,2187,7855,542,1101,1139,-399,1681,702,47,15,15.57976259,4.646229567,10.93353303,1.53250412,-0.555376153,0.977127968,Alaska,Alaska,AK,Alaska,97937543.68,112112898.77,25848878.0,37537464.18,222752681.26999998,363242.0,221248.0,1.0,363242.0,1081171.0,420996.0,431485.0,14139.0,104100.0,198494.0,1348488.0,1350120.0,685605.0,332705.0,3191734.0,7004834.0,7619913.0,1709992.0,2342730.0,21579254.0,20688772.68,19857496.04,1727070.0,6545272.18,27207939.0,2071760.0,1760020.0,10955.0,608876.0,3346861.0,381010.0,403290.0,1.0,17707.0,363107.0,4366509.0,4427895.0,152413.0,2059130.0,4413510.0,949296.0,982163.0,20250.0,577357.0,651596.0,2255734.0,2094561.0,81601.0,944517.0,2499828.0,24103607.0,24560446.0,4764335.0,13483801.0,27584889.0,41006.0,51086.0,1.0,8000.0,52971.0,1588434.0,2006411.0,245212.0,559055.0,3087853.0,90373.0,94328.0,1.0,29939.0,46225.0,8452826.0,8410005.0,1547729.0,4911087.0,7450188.0
7,7,40,4,8,4,Arizona,6392017,6392013,6413158,6482505,21145,69347,20900,87887,11164,45899,9736,41988,5199,20542,6090,7060,11289,27602,120,-243,13.63047406,7.118517288,6.5119567720000004,3.1858772980000003,1.094941765,4.280819063,Arizona,Arizona,AZ,Arizona,605414985.5699999,570461610.7,50849305.0,138624516.94000003,851980358.4599999,33289590.0,25205297.0,242337.0,23121527.0,54122939.0,2255309.0,2179672.0,270721.0,1013303.0,3297674.0,5049324.4,3874406.65,403629.0,2647363.59,15663313.42,81243958.41000001,83030631.45,2331247.0,46879536.18000001,299090962.44,115889851.61000001,111639016.02999999,7478249.0,41485443.01,108405756.47,10124779.2,9839339.6,233648.0,3662736.0,11497267.64,1646275.0,1620438.0,1.0,241303.0,743735.0,20408223.0,20300894.22,336868.0,3474590.0,9137148.0,7750167.0,6555306.0,99359.0,5191985.0,7930823.0,24627798.0,22406204.0,520088.0,12554488.0,17820591.0,21652062.74,22202298.819999997,427500.0,10688835.05,35268928.51,4258836.0,4035952.0,109000.0,2152285.0,4507554.0,1105546.0,1832456.0,303500.0,55559.0,754927.0,2183107.52,1606258.53,1.0,119824.83,3640681.0,10872904.0,12573002.0,15000.0,7540560.0,11737316.0
8,8,40,3,7,5,Arkansas,2915918,2915921,2921588,2937979,5667,16391,9218,38156,6759,28478,2459,9678,951,3178,2244,3480,3195,6658,13,55,13.02348791,9.720172156,3.303315757,1.084721789,1.187801078,2.2725228669999997,Arkansas,Arkansas,AR,Arkansas,241353121.56,153949338.66000003,9872263.0,132182167.19,1580896288.1200001,52175236.0,5906529.0,19798.0,50269774.0,85876078.0,4537509.0,4787664.0,396455.0,500250.0,6142697.0,892017.0,1148894.0,56374.0,611832.0,12370363.0,145838002.0,74313709.0,5530165.0,82596628.0,1328485386.0,28795543.52,21629719.54,1861789.0,17041714.189999998,59068735.18,831783.0,762019.0,1.0,334922.0,371994.0,905347.0,847586.0,1.0,206508.0,376604.0,13356822.0,8176446.0,1429182.0,8644532.0,28645040.0,624055.0,501184.0,1.0,262053.0,1349373.0,9356779.52,7416106.54,346321.0,5768785.1899999995,21466444.18,7459174.0,6783294.0,1003410.0,4413302.0,11343151.0,216206.0,154044.0,1.0,176051.0,95108.0,3551728.0,3238536.0,1.0,3122668.0,8122248.0,2344087.0,2080690.0,188293.0,667649.0,1720104.0,113089.0,94916.0,1.0,43801.0,66653.0
9,9,40,4,9,6,California,37253956,37253956,37338198,37691912,84242,353714,123173,508069,57867,234045,65306,274024,33518,130927,-15021,-50684,18497,80243,439,-553,13.54306958,6.2386953720000005,7.304374204,3.4899855539999995,-1.3510309390000002,2.138954614,California,California,CA,California,5785207172.379997,5424189666.8899975,239649833.0,2486666002.350001,32739898046.399998,357815867.0,385014813.0,15081960.0,226747146.0,4310344410.0,36384228.0,32715739.0,2113796.0,17757558.0,77700011.0,157860612.0,143560507.0,8102154.0,104334140.0,1018736418.0,1182600421.0,1149002437.0,57429944.0,617346001.0,8064112753.0,1847369932.38,1648348736.4299998,41308564.0,782648904.8,4195609244.22,67085620.0,59379100.0,2356179.0,26739518.0,84089635.0,89781946.0,91214853.0,856547.0,37309755.0,69996854.0,365427784.08,359810600.68999994,8176971.0,129328000.0,550190611.96,197622306.0,167673234.0,2753221.0,126548381.0,386117363.0,393683207.0,326971310.0,6624670.0,157250618.0,946582213.0,1044510045.51,801000722.04,43739137.0,398521272.57,1588815716.42,307268903.22,303294346.0,6673889.0,141939046.42999998,327909694.75,305535809.0,199263893.0,7927586.0,50158679.0,565832923.0,54291784.0,52355074.0,12475006.0,16159128.0,194817536.0,110568885.0,75998323.0,3317743.0,71427752.0,141582663.46
10,10,40,4,8,8,Colorado,5029196,5029196,5047692,5116796,18496,69104,16453,66213,7350,31123,9103,35090,2907,8797,6255,24940,9162,33737,231,277,13.0283001,6.123869692,6.904430405,1.7309283069999999,4.907281114,6.638209421,Colorado,Colorado,CO,Colorado,849657739.0799999,754749127.0399998,76193936.0,372198662.95,2151007536.66,94358866.0,58941888.0,12540603.0,65392654.0,289203053.0,8634633.0,8508404.0,1428482.0,1859314.0,28546639.0,16789682.0,10106909.0,1587011.0,11310525.0,95163312.0,208780819.0,158509968.0,33052673.0,110524825.0,672226211.0,293159397.12,284784031.86,15573132.0,106776853.2,391195264.83,8600563.02,8311231.8,525930.0,2758693.0,4750539.02,17398076.0,15718301.0,932545.0,6464544.0,20299196.0,20654810.1,20621481.06,648114.0,8695863.2,27117164.81,11061747.0,11348525.0,657646.0,6669674.0,17614827.0,29225182.0,27419218.0,1871582.0,12445987.0,41850471.0,103014824.05,83447425.46,5209110.0,63938548.8,170053056.59,10498246.0,11378787.0,666775.0,4459643.0,9289456.0,40413244.0,25506275.0,2774929.0,28736106.0,79600983.0,2998349.05,3128019.46,1.0,799251.8,3753817.59,42945919.0,36667648.0,1507257.0,27493262.0,72994102.0
11,11,40,1,1,9,Connecticut,3574097,3574097,3575498,3580709,1401,5211,9241,37319,6855,28244,2386,9075,2479,9735,-3355,-13493,-876,-3758,-109,-106,10.42982686,7.8935670810000005,2.536259781,2.7207150380000003,-3.770992091,-1.050277053,Connecticut,Connecticut,CT,Connecticut,466709343.0,471504954.8899999,33018340.0,194934725.38,2058982000.82,39655628.0,28309505.0,1092695.0,25243403.0,279319616.0,24508870.0,10585783.0,1.0,3105148.0,18158364.0,14987270.01,10215737.28,924878.0,8968732.0,60553821.11,134840543.01,110526409.28,9499545.0,59408591.0,959072691.11,152357084.76999998,147984885.89,3132106.0,51763389.6,294607284.99,7661639.0,5273299.94,66418.0,988634.0,4505013.0,3688288.0,3484543.0,15174.0,893062.0,1501786.0,65847915.16,66163785.99,1137539.0,23140112.0,122354931.0,1626016.0,1964136.0,12600.0,1050711.0,221641.0,13167588.01,12599780.45,716721.0,6982877.0,24518794.56,13281886.1,21425892.99,237331.0,6793524.91,18832616.58,3073241.1,3307011.99,25000.0,1873086.91,1849056.58,4634003.0,6864454.0,46100.0,2700205.0,6249740.0,1553496.0,7047146.0,1.0,236064.0,4527146.0,1336948.0,1159058.0,1.0,556846.0,3708615.0
12,12,40,3,5,10,Delaware,897934,897934,899792,907135,1858,7343,2774,11172,1898,7633,876,3539,578,1877,403,1944,981,3821,1,-17,12.36574582,8.44859809,3.9171477319999997,2.077560411,2.151719466,4.229279877,Delaware,Delaware,DE,Delaware,164549508.0,152493711.0,5138162.0,54300690.99,1023770475.0,47271708.0,34994409.0,951922.0,9367992.0,447603662.0,1288032.0,1664191.0,67400.0,240661.0,2358901.0,18599652.0,12986760.0,111877.0,8045237.0,195146490.0,72743267.0,54268595.0,1492344.0,21580109.0,686889126.0,42613046.0,43579643.0,1370782.0,7911032.0,106791756.0,753954.0,747766.0,40300.0,43773.0,126948.0,778074.0,783508.0,59800.0,138870.0,311745.0,6450256.0,7393189.0,508105.0,1702394.0,20440619.0,1896349.0,1805578.0,137979.0,824232.0,1984901.0,1912321.0,1683695.0,135135.0,1367655.0,1830834.0,12404578.0,6288035.0,270215.0,9605698.0,17159318.0,678036.0,611888.0,65530.0,197399.0,1323073.0,1.0,1.0,1.0,1.0,1.0,11014760.0,4967534.0,1.0,8958101.0,15686739.0,68904.0,78725.0,1.0,24583.0,9512.0
13,13,40,3,5,11,District of Columbia,601723,601723,604912,1,3189,13084,2232,9003,1098,4773,1134,4230,598,1862,1427,6907,2025,8769,30,85,14.72392036,7.80598377,6.917936591,3.045200457,11.29602554,14.341226,District of Columbia,District of Columbia,DC,District of Columbia,1.0,1.0,1.0,1.0,1.0,1.0,1.0,1.0,1.0,1.0,1.0,1.0,1.0,1.0,1.0,1.0,1.0,1.0,1.0,1.0,1.0,1.0,1.0,1.0,1.0,1.0,1.0,1.0,1.0,1.0,1.0,1.0,1.0,1.0,1.0,1.0,1.0,1.0,1.0,1.0,1.0,1.0,1.0,1.0,1.0,1.0,1.0,1.0,1.0,1.0,1.0,1.0,1.0,1.0,1.0,1.0,1.0,1.0,1.0,1.0,1.0,1.0,1.0,1.0,1.0,1.0,1.0,1.0,1.0,1.0,1.0,1.0,1.0,1.0,1.0,1.0,1.0,1.0,1.0,1.0
14,14,40,3,5,12,Florida,18801310,18801311,18838613,19057542,37302,218929,51537,213292,42097,171257,9440,42035,18142,68295,10417,108339,28559,176634,-697,260,11.25665651,9.038225646,2.218430867,3.604323447,5.7176776910000005,9.322001137,Florida,Florida,FL,Florida,1584157880.5,1404931157.7800002,175003480.0,643842127.35,4876526018.979998,148507355.0,82850546.0,8391884.0,116319582.0,740421084.0,23204693.0,21681012.0,3756492.0,6289958.0,53308415.0,63473979.73,36545181.84,5508447.0,15011419.2,185259257.37,402416155.08000004,277971919.65,59244811.0,188964241.39999998,1797869083.86,631087120.9300001,596053405.5400001,45342508.0,216681671.28,1221629035.6100001,12563494.0,12324120.0,914692.0,3925179.0,7826369.0,47059031.0,41603165.0,2775688.0,24033465.0,33409737.0,172411138.85,160023504.64,7445700.0,50129299.35,401640958.9,27599437.0,32455871.0,1303220.0,16125708.0,50152374.0,83198759.0,84759462.0,4635800.0,44901780.0,378489460.0,119506339.0,114226099.0,14042818.0,48471705.0,168083467.0,23151912.0,21873554.0,3192009.0,6474407.0,25837989.0,46501297.0,45367631.0,6199701.0,20660865.0,72372935.0,15463179.0,14529151.0,1.0,2068718.0,8144185.0,11788082.0,11829011.0,415520.0,9602742.0,28644151.0
15,15,40,3,5,13,Georgia,9687653,9687660,9712157,9815210,24497,103053,32410,134442,16640,70688,15770,63754,6509,22947,1877,15849,8386,38796,341,503,13.76959833,7.23989056,6.529707769,2.35024005,1.62326032,3.97350037,Georgia,Georgia,GA,Georgia,602869797.3400002,569181594.8599999,22604246.0,261061444.04999998,2465885653.19,18957697.0,15001848.0,371716.0,10425398.0,141319059.0,3594461.0,4620418.0,1.0,1590774.0,8601361.0,14625507.0,13670610.0,559633.0,7246471.0,126859193.0,86482110.0,88271495.0,4642489.0,40794374.0,624538133.0,214932844.01,212705592.81999996,5307638.0,97942363.99,923307696.41,4317469.0,4199904.0,9531.0,1502487.0,2521559.0,16046265.0,14877597.0,28750.0,6632001.0,24216033.0,41578970.62,37577783.48,2125542.0,11785015.0,66260315.0,11377583.0,10214748.0,123000.0,7135344.0,30748663.0,13880288.0,11153723.0,110351.0,10001258.0,26979682.0,37047077.42,37313487.09,2258929.0,19460394.55,54223096.64,4644678.0,4375780.0,111250.0,2552306.0,1804975.0,3516355.0,3654072.0,173356.0,1939987.0,5535047.0,2745303.0,3663921.0,30750.0,487256.0,25772800.0,1186494.42,1174696.09,366010.0,499528.55,537692.64
16,16,40,4,9,15,Hawaii,1360301,1360301,1363359,1374810,3058,11451,4600,18501,2241,9730,2359,8771,1602,4214,-861,-1459,741,2755,-42,-75,13.51340987,7.10693898,6.406470894,3.0779692560000003,-1.065675639,2.012293617,Hawaii,Hawaii,HI,Hawaii,249209206.0,226552215.0,16368404.0,78744101.0,735669397.0,15241781.0,18057503.0,1.0,7642572.0,120595618.0,2428344.0,1698857.0,1.0,1064131.0,10872110.0,27597932.0,26226973.0,3382427.0,10768823.0,126112263.0,60951979.0,59304015.0,3705271.0,21598130.0,324992969.0,29048742.0,30228821.0,1199823.0,12527028.0,52400839.0,2038993.0,2064267.0,2993.0,216415.0,834796.0,67370.0,72459.0,1.0,15150.0,131794.0,8458405.0,7034200.0,236251.0,3888090.0,16626194.0,3100152.0,4899570.0,57004.0,1354645.0,8743706.0,5541210.0,5502825.0,197557.0,3111091.0,2611614.0,12824038.0,13318331.0,1341741.0,7987918.0,25920599.0,1607717.0,1193171.0,94000.0,1205185.0,886936.0,704000.0,446840.0,1.0,6000.0,298541.0,547887.0,454847.0,18582.0,492308.0,261384.0,6454211.0,5778733.0,329159.0,5750567.0,12032798.0
17,17,40,4,8,16,Idaho,1567582,1567582,1571102,1584985,3520,13883,5789,22954,2545,11275,3244,11679,611,2074,-318,62,293,2136,-17,68,14.54586011,7.144923445,7.400936666000001,1.314285696,0.039289158,1.353574854,Idaho,Idaho,ID,Idaho,71035399.93,61831172.010000005,1916277.0,39793472.44,192596922.66,1578651.0,1576953.0,145275.0,624584.0,3461357.0,1.0,1.0,1.0,1.0,1.0,2399844.0,1883004.0,497237.0,1049361.0,19645836.0,9511871.120000001,8244708.3100000005,691130.0,4847652.63,37410095.81,27294769.81,23687269.7,148481.0,11215265.809999999,70384277.85,318696.0,306682.0,1.0,198871.0,176006.0,1124344.0,1062344.0,1.0,620011.0,298742.0,7274122.0,7030272.0,113573.0,2433430.0,8435071.0,1151971.0,1128557.0,12753.0,783985.0,295919.0,1184233.0,1223831.0,1.0,713838.0,949392.0,9142445.0,8929640.0,8285.0,7808987.0,13658088.0,1468905.0,1830125.0,8285.0,721748.0,700569.0,5803811.0,5248313.0,1.0,5685903.0,10706011.0,350733.0,303750.0,1.0,345159.0,207432.0,746192.0,736711.0,1.0,639655.0,1335031.0
18,18,40,2,3,17,Illinois,12830632,12830632,12841980,12869257,11348,27277,42060,167000,24484,100651,17576,66349,6822,27233,-13006,-66452,-6184,-39219,-44,147,12.99042905,7.829339366,5.161089682,2.118373379,-5.169101743,-3.050728364,Illinois,Illinois,IL,Illinois,1733576312.8899999,1522873692.82,70145294.0,905879930.3399999,7366977745.14,6895071.0,6921777.0,163739.0,3889955.0,27126882.0,24226251.0,19494371.0,466565.0,12794227.0,48973944.0,31209500.0,31505625.0,3172490.0,17897206.0,206813075.0,306241042.0,272685667.0,23144946.0,126811387.0,1667604284.0,559565013.4499998,549720697.26,9431928.0,245756887.05,1641547452.09,23425945.25,23065006.66,265037.0,10911306.25,27234989.0,30796014.0,25700203.0,122500.0,12353668.0,34278081.09,137985661.16,124287251.27,3527844.0,66129569.66,219775930.0,66039624.0,93440197.0,150168.0,29161328.0,310594319.0,106678942.0,102717411.0,3405571.0,48551091.0,538924416.0,141083482.31,129418345.39,7958367.0,74186482.31,230554753.8,21810290.0,21209364.0,215610.0,8461729.0,18636363.0,60131098.0,56582592.0,6060606.0,31452253.0,101443210.0,10546675.0,10884273.0,307255.0,1572599.0,18096321.0,37266073.31,28708478.39,1307260.0,28908650.31,77410934.8
19,19,40,2,3,18,Indiana,6483802,6483800,6490622,6516922,6822,26300,21286,84732,14122,56499,7164,28233,2011,7175,-2353,-9059,-342,-1884,0,-49,13.02813198,8.687112648,4.341019335,1.103205955,-1.3928840059999998,-0.289678051,Indiana,Indiana,IN,Indiana,537351091.5000001,460460307.81999993,18603960.0,208882241.39000002,2401261535.2000003,46791919.0,42060617.0,621677.0,18826997.0,508939431.0,46292778.0,46434126.0,235602.0,9770656.0,445573380.0,8911995.0,12813908.0,281968.0,3691242.0,73621252.0,152882562.0,149747137.0,1726812.0,62057969.0,1242692680.0,133954067.42999999,121726230.83,2423706.0,60672210.43,200811205.31000003,4113275.0,3905297.0,120980.0,1142745.0,7794753.0,1927854.0,1818794.0,1.0,684916.0,3301682.0,31342791.0,29742623.0,758450.0,12466194.0,64971013.61,911414.0,908655.0,1.0,497990.0,297859.0,47713659.0,42478096.0,535663.0,29260429.0,59444507.0,43038844.0,39985619.0,1706714.0,21580025.0,98122242.0,920234.0,840896.0,1.0,310675.0,1049630.0,22334735.0,22164443.0,1704529.0,16842194.0,35061979.0,8580808.0,7950680.0,1.0,300666.0,35516808.0,3747183.0,2048945.0,2185.0,1445494.0,2487563.0
20,20,40,2,4,19,Iowa,3046355,3046350,3050202,3062309,3852,12107,9400,38324,6433,27895,2967,10429,849,3150,95,-1456,944,1694,-59,-16,12.53952754,9.127181939,3.412345597,1.030672992,-0.47639996100000004,0.554273031,Iowa,Iowa,IA,Iowa,254886802.55999997,228817789.68999997,20457785.0,95494525.01,1090631154.7499998,10445327.0,11489700.0,884351.0,5447795.0,160072379.0,1866996.0,1660916.0,502302.0,446847.0,2095981.0,10918051.0,7130753.0,1041967.0,6166380.0,49264793.0,64630334.0,50528673.0,4095656.0,30017960.0,402369922.09,91871623.9,87806121.96,1154900.0,27421630.75,194418509.06,603955.0,576675.0,1.0,82771.0,669319.0,729698.0,702348.0,1.0,362270.0,204179.0,17640549.0,16000422.0,254231.0,6856334.0,46884938.82,3674983.0,3652546.0,282500.0,2525963.0,4044007.0,9635248.0,9095029.0,62365.0,4874395.0,18151491.0,20439433.0,18012428.0,7377607.0,5145893.0,30169602.0,1204884.0,1045063.0,92703.0,561845.0,633046.0,158378.0,190102.0,145595.0,12690.0,479300.0,3832233.0,3095068.0,635566.0,831283.0,11581170.0,1284216.0,1532716.0,5000.0,1055233.0,3019753.0
21,21,40,2,4,20,Kansas,2853118,2853118,2859143,2871238,6025,12095,9845,40132,5459,24038,4386,16094,1326,4237,324,-8252,1650,-4015,-11,16,14.00674754,8.389669029,5.617078515,1.4787847440000002,-2.8800877289999995,-1.401302985,Kansas,Kansas,KS,Kansas,162031615.4,147654988.9,13215500.0,57932412.4,585149906.4,1657029.0,1942649.0,150919.0,798651.0,22155955.0,5844405.0,2283248.0,119783.0,4897461.0,9348145.0,6825119.0,5745363.0,1610283.0,2475405.0,40931759.0,30961827.0,28382931.0,5548774.0,13335392.0,159305746.0,28860428.0,28654962.0,889209.0,10402953.0,70883018.0,496228.0,532528.0,1.0,290833.0,218373.0,692953.0,608741.0,8504.0,203974.0,362999.0,12173628.0,11818458.0,92132.0,4347111.0,30897454.0,613040.0,1000855.0,5000.0,340669.0,334594.0,3634521.0,3419276.0,65571.0,1798586.0,7763477.0,33045107.0,32845226.0,1135307.0,7312277.0,26411388.0,2264977.0,2293846.0,29997.0,1426741.0,574124.0,4740749.0,4590105.0,992775.0,3624700.0,6172195.0,4573222.0,4373617.0,29048.0,1195731.0,3484452.0,15171994.0,14884171.0,1.0,135800.0,3325350.0
22,22,40,3,6,21,Kentucky,4339367,4339362,4347223,4369356,7861,22133,13991,56447,10486,41945,3505,14502,1458,4845,2920,2841,4378,7686,-22,-55,12.95164078,9.624188572000001,3.327452203,1.11167466,0.651861241,1.763535901,Kentucky,Kentucky,KY,Kentucky,299598677.8,271497334.74,14707357.0,106167823.24,1068140707.51,5261740.0,12847013.0,496304.0,3156830.0,151915576.0,961271.0,1014455.0,317216.0,144885.0,1770481.0,12687964.0,13232652.0,317929.0,5561927.0,95353714.0,115381677.0,98481514.0,2675673.0,31898942.0,534726625.0,72264835.09,70330605.95,2384738.0,25874169.35,138236640.64,859523.0,825757.0,12748.0,360467.0,405528.0,5426572.0,5268097.0,47897.0,2807495.0,2948424.0,22932662.34,23172649.92,1416298.0,8933773.35,35848174.64,2618382.0,2320477.0,55558.0,1911794.0,4816028.0,11167745.0,10351696.0,185927.0,6542037.0,9471884.0,22779549.0,25169030.0,4933090.0,9794349.0,42548029.0,208397.0,461571.0,1.0,229133.0,87383.0,8947318.0,11019065.0,3679033.0,3842657.0,10465509.0,4929620.0,4805805.0,1.0,960075.0,12940333.0,5519738.0,6178166.0,104382.0,3071517.0,11038371.0
23,23,40,3,7,22,Louisiana,4533372,4533372,4545343,4574836,11971,29493,15571,63969,9771,40780,5800,23189,1354,3740,4706,2379,6060,6119,111,185,14.02801414,8.942806934,5.085207209,0.820159341,0.521700287,1.341859628,Louisiana,Louisiana,LA,Louisiana,339713302.37,300712051.68,37588192.0,163788384.37,947304957.0,21965099.0,16305566.0,1086665.0,19589528.0,95662937.0,8854180.0,4240335.0,3856006.0,2849251.0,32864246.0,5128052.0,5102583.0,324848.0,2884882.0,49062412.0,131905500.0,83251664.0,10388664.0,87132648.0,530898510.0,83147012.0,85779363.0,3111784.0,19321247.0,130364993.0,2734675.0,3105736.0,67333.0,752095.0,4060838.0,2362404.0,2221499.0,7000.0,344696.0,3203781.0,11891328.0,11544271.0,416829.0,3528374.0,22954700.0,4276138.0,4966121.0,631475.0,2453132.0,7412380.0,10960619.0,11260600.0,329099.0,4820825.0,8829273.0,25827596.0,24680118.0,4743163.0,15319332.0,38508618.0,4991233.0,4914522.0,698790.0,2669542.0,3949619.0,10308502.0,9599435.0,3000241.0,5526789.0,24250726.0,1829584.0,1971770.0,1.0,212634.0,5111203.0,7535776.0,7222358.0,316290.0,6522092.0,4265729.0
24,24,40,1,1,23,Maine,1328361,1328361,1327379,1328188,-982,809,3186,12868,3290,12688,-104,180,225,594,-1072,72,-847,666,-31,-37,9.691338987,9.555774718,0.13556426900000002,0.44736208899999996,0.054225708,0.501587797,Maine,Maine,ME,Maine,162525253.42,153184274.93,4068107.0,79071711.2,613266016.1600001,14055859.0,12596594.0,1.0,10393401.0,102029313.0,3596114.0,2593172.0,5242.0,2537306.0,7732552.0,6376242.0,4072327.0,232692.0,3948144.0,39534401.0,36571965.0,30298364.0,431213.0,23883761.0,222209715.0,46977088.0,43085978.0,639728.0,17305191.0,94303398.68,1330104.0,1371787.0,1.0,292895.0,2096757.0,802867.0,746513.0,1.0,301797.0,362717.0,14252873.0,13641817.0,88104.0,4535648.0,22398249.0,393229.0,395171.0,3600.0,206450.0,114000.0,6094238.0,4809457.0,1.0,2829442.0,14573458.0,9548633.0,10312719.0,236781.0,4607218.0,15595749.0,1495311.0,1608898.0,1.0,819559.0,996929.0,809136.0,773793.0,110000.0,414435.0,481941.0,1260288.0,2172317.0,126781.0,494099.0,7915459.0,505644.0,467719.0,1.0,476758.0,85125.0
25,25,40,3,5,24,Maryland,5773552,5773552,5785681,5828289,12129,42608,18102,72995,10563,43606,7539,29389,4493,16435,130,-3124,4623,13311,-33,-92,12.5702064,7.509232416000001,5.060973982,2.8302122360000004,-0.5379728029999999,2.2922394319999997,Maryland,Maryland,MD,Maryland,936300097.1499999,690821412.6999999,234353816.0,256687668.01000002,4508296119.2,245517233.0,187444263.0,149442725.0,36187870.0,1370313402.0,9588912.0,6165338.0,2691429.0,3870255.0,17897108.0,37955778.0,39218988.0,1158179.0,16636577.0,105104868.0,411154378.0,271223166.0,158910250.0,67368339.0,3292872717.0,199342944.08,137664901.12,22128401.0,59995030.38,266643597.48,7365816.0,6298093.0,605765.0,1525013.0,6763147.0,4732177.0,4667314.0,395352.0,485936.0,3345831.0,49569529.9,44923466.12,7969047.0,17620630.57,120871623.64,1167034.9300000002,1562853.0,44423.0,941284.32,745945.48,34437560.0,35361874.0,4848733.0,16359151.0,14435926.0,71651436.73,64425804.0,7732988.0,32261414.73,110021193.56,1051977.0,1123046.0,58300.0,782551.0,466219.0,6401697.0,5845691.0,1177969.0,4841131.0,10198358.0,14168168.73,13140262.0,2369607.0,2698966.73,35362676.56,9263086.0,8075082.0,187323.0,5961803.0,11752900.0
26,26,40,1,1,25,Massachusetts,6547629,6547629,6555466,6587536,7837,32070,18589,73368,12958,52355,5631,21013,4906,19664,-2587,-8299,2319,11365,-113,-308,11.1645726,7.966977407000001,3.197595192,2.992314846,-1.262877385,1.72943746,Massachusetts,Massachusetts,MA,Massachusetts,2181616746.03,1991800575.77,48711131.0,929952470.75,9210075673.51,324825329.0,256518894.0,1304460.0,144164937.0,3145115012.0,21714589.0,18447083.0,544099.0,7951715.0,98983921.0,87952952.0,80754112.0,1123737.0,36490663.0,524966445.0,583694639.0,468142696.0,11080882.0,263191030.0,4391417126.0,515276319.55,484874254.64,4452089.0,232628564.84,1265591968.4,20229967.0,17832713.0,292618.0,9870401.0,47043423.0,43177642.0,37024384.0,134500.0,18802594.0,39507070.0,111472847.0,96806508.0,654278.0,61920432.0,184849177.0,12797904.0,10459118.0,84900.0,9839121.0,23554201.0,107429847.0,124608540.0,874568.0,45620368.0,628811866.0,654003711.0,637191131.0,16511960.0,247501194.0,1355906583.0,23399364.0,24946779.0,941611.0,11105853.0,18074082.0,57950532.0,56115875.0,5189262.0,15187138.0,129154283.0,299632911.0,299010578.0,63410.0,6979707.0,227411738.0,20837113.0,20505467.0,74017.0,8775098.0,23937703.0
27,27,40,2,3,26,Michigan,9883640,9883635,9877143,9876187,-6492,-956,28932,113894,21459,86988,7473,26906,2817,12399,-16903,-40331,-14086,-27932,121,70,11.531625300000002,8.807426393,2.724198907,1.25538327,-4.083463396,-2.828080126,Michigan,Michigan,MI,Michigan,848946460.27,855499845.46,60202245.0,344376041.00999993,4673783688.31,79828546.0,54437767.0,25639474.0,37864622.0,478642807.0,17822662.0,17887307.8,52606.0,9297224.0,30282731.88,104208649.0,112431013.0,4333238.0,27240124.0,798473665.0,258220030.0,249163514.8,37974580.0,105676877.0,1465935014.88,208990875.66,206135338.27,2466302.0,90451112.79,469158714.49,5861279.0,5835431.0,134641.0,1586524.0,5392036.0,3982061.0,4693352.0,1.0,858832.0,8702655.0,28404929.490000002,28476000.97,392266.0,7835570.17,74131978.27,1315737.0,1286408.0,1.0,1249692.0,1907200.0,56607928.0,59757150.0,379162.0,36835130.0,156141708.0,46798313.89,45825135.4,5367417.0,24542988.09,77512451.79,1112395.89,1670518.4,119259.0,355988.09,6492107.79,21244954.0,21346072.0,5209820.0,12648019.0,29103816.0,6534896.0,6123672.0,1.0,2426542.0,24932674.0,2605492.0,2597486.0,1.0,293101.0,749822.0
28,28,40,2,4,27,Minnesota,5303925,5303925,5310658,5344861,6733,34203,16979,68088,9326,38436,7653,29652,2463,9417,-3354,-4719,-891,4698,-29,-147,12.77985615,7.214289609,5.565566539,1.76753474,-0.8857381790000001,0.88179656,Minnesota,Minnesota,MN,Minnesota,970756532.5699999,966133809.95,160130247.0,388039108.33,3238783100.12,40675961.0,45853093.0,12241771.0,14606677.0,383966166.0,12163229.0,12386955.0,1183000.0,3566941.0,34668108.0,10661274.0,12192415.0,1675892.0,4759151.0,62356776.0,112659815.0,127566888.0,26424269.0,37765309.0,671936540.0,261708345.47,255344663.97,16412998.0,102307059.41,713635966.4300001,8823810.0,8540696.0,686762.0,2298690.0,5316122.0,2615693.0,2530390.0,135960.0,886104.0,1114234.0,109312454.0,105796687.0,8124286.0,34172100.0,257937832.0,12265972.0,14293763.0,515020.0,6834130.0,25492130.0,18006845.0,16857564.0,800288.0,10569656.0,56167836.0,237347138.0,241634805.0,33760611.0,125969939.0,348745702.0,9031432.0,9315476.0,5672137.0,1831551.0,3199176.0,64318446.0,63852111.0,19543197.0,36101577.0,107226427.0,17304136.0,16220978.0,723366.0,6170608.0,35036700.0,116836853.0,120015033.0,5943394.0,70640632.0,172749868.0
29,29,40,3,6,28,Mississippi,2967297,2967297,2970072,2978512,2775,8440,9515,40464,6516,28837,2999,11627,774,2385,-984,-5688,-210,-3303,-14,116,13.6045822,9.69541659,3.90916561,0.8018715040000001,-1.9123878890000001,-1.110516385,Mississippi,Mississippi,MS,Mississippi,80793553.85,113420177.94,12711273.0,39995229.85,342381410.5,5286736.0,6849694.0,1901837.0,2124579.0,44125172.0,8381147.0,4795982.0,1.0,6447862.0,37078611.0,2526612.0,1725620.0,97117.0,2069290.0,5221031.0,23337940.0,21649625.0,3282706.0,13864028.0,138441588.0,15221005.0,16164691.0,677632.0,5859215.0,31778193.0,98878.0,101796.0,1.0,1.0,13292.0,4507996.0,4906931.0,72158.0,1092716.0,1611211.0,4040917.0,3482107.0,211911.0,1627294.0,8178117.0,616001.0,572675.0,112716.0,188041.0,178283.0,2956336.0,3007295.0,145500.0,1339154.0,1484764.0,9790161.0,11736491.0,410500.0,4156429.0,19310388.0,434013.0,337931.0,24500.0,313050.0,131606.0,1.0,1.0,1.0,1.0,1.0,2480389.0,2345110.0,386000.0,188130.0,6372611.0,3740491.0,2815442.0,1.0,2609799.0,3739265.0
30,30,40,2,4,29,Missouri,5988927,5988927,5995715,6010688,6788,14973,18600,75910,13350,54361,5250,21549,1638,5319,-26,-11805,1612,-6486,-74,-90,12.64491955,9.055334891000001,3.589584658,0.8860272309999999,-1.966450735,-1.080423504,Missouri,Missouri,MO,Missouri,650564366.8400002,607081019.39,47840179.0,276324964.45,3121309688.05,4707156.0,7495682.0,259513.0,2272617.0,55431518.0,10601454.34,7766487.36,65555.0,4644038.0,33372708.19,33107944.15,26891155.0,4215728.0,11736778.15,97955137.0,187257314.49,170361697.36,17204470.0,78744814.15,1193878145.6200001,270625088.37,264836502.69,11899342.0,97148920.69,1156300710.26,3375237.0,3305311.0,154039.0,1684799.0,1176810.0,11324376.0,14595782.0,128342.0,3312577.0,52764466.0,96062369.0,91596769.0,1171014.0,20106685.0,138040272.0,21559691.0,18590851.0,575746.0,12431415.0,83140321.0,61855042.9,59611482.6,901307.0,24230851.18,305194595.26,48045240.09,50281557.69,4021895.0,24790241.24,81418963.07,3591453.0,3468693.0,127631.0,1748237.0,1409703.0,24251630.0,23626402.0,3654382.0,13632271.0,29465127.0,9686199.0,13115801.0,1.0,4280446.0,36704098.0,3786072.09,4133873.69,239882.0,3338197.24,8171435.07
31,31,40,4,8,30,Montana,989415,989415,990958,998199,1543,7241,2973,11911,1840,8629,1133,3282,128,387,310,3578,438,3965,-28,-6,11.97592749,8.676037135,3.299890356,0.38910955799999997,3.597503867,3.986613425,Montana,Montana,MT,Montana,74087829.44,67477725.07,3963188.0,33482026.29,201915499.19999996,5719979.0,5135660.0,713438.0,2331206.0,15485542.0,509331.0,502208.0,1.0,168758.0,268605.89,2388662.0,2029984.0,120252.0,1140832.0,12620046.0,16497979.0,15581904.0,1061162.0,7060966.0,68584082.89,23392091.0,22291515.0,81413.0,8098151.0,35797742.0,686753.0,644463.0,1200.0,260039.0,155633.0,73006.0,60256.0,1.0,9650.0,59717.0,12493758.0,12050932.0,67238.0,2976984.0,15571530.0,792151.0,789036.0,1.0,430799.0,743156.0,3617564.0,3239319.0,1.0,1894974.0,5377346.0,7156650.0,7114214.0,661182.0,5322683.0,11262744.0,404019.0,406614.0,1.0,272767.0,234753.0,3298218.0,3210291.0,661182.0,2253410.0,3031943.0,671220.0,617515.0,1.0,514961.0,2201583.0,2262777.0,2313799.0,1.0,2047212.0,3588039.0
32,32,40,2,4,31,Nebraska,1826341,1826341,1830141,1842641,3800,12500,6316,25991,3362,14878,2954,11113,768,2508,123,-1100,891,1408,-45,-21,14.15330395,8.101760464,6.051543489,1.365722224,-0.599000975,0.766721248,Nebraska,Nebraska,NE,Nebraska,222855280.4,209214630.37,12860724.0,101389141.16,929190753.46,10717542.0,10449877.0,634379.0,8816448.0,64897928.0,6985442.0,6818173.0,234000.0,2432963.0,14851683.0,5520235.0,9666223.0,1166404.0,1696263.0,48033887.0,30906524.0,33242011.0,3814325.0,16688314.0,201367610.0,74337289.0,70599743.17,1892119.0,30332335.16,306421201.46000004,513611.0,495764.0,1.0,132554.0,43899.0,1207981.0,1098186.0,34747.0,416579.0,1228861.0,16273326.0,14948477.0,623490.0,7706165.0,34711991.0,3280607.0,3861688.0,93518.0,2608481.0,8822175.0,9744425.0,9295792.0,373137.0,4990759.0,30587562.0,21656331.0,13908256.0,116650.0,17545906.0,38948127.0,7745834.0,3759140.0,116650.0,5377729.0,14374762.0,515316.0,471800.0,1.0,333309.0,1033367.0,515446.0,556845.0,1.0,212635.0,1783242.0,5231011.0,3207169.0,1.0,5029241.0,12407408.0
33,33,40,4,8,32,Nevada,2700551,2700551,2704283,2723322,3732,19039,9162,36772,4743,19373,4419,17399,2382,9679,-3105,-8008,-723,1671,36,-31,13.549991199999997,7.138691927999999,6.411299275,3.5665823139999997,-2.950841117,0.6157411970000001,Nevada,Nevada,NV,Nevada,143807712.57,155504452.84,10304595.0,58905741.47,839260053.43,8087930.0,9836458.0,1.0,5024524.0,57160181.0,3672838.0,5741615.0,1.0,1293105.0,44121319.0,7803344.0,6043719.0,409720.0,2040638.0,26068884.0,32866524.1,36840835.0,1943759.0,13441267.0,229354610.0,20814870.0,20986079.0,546503.0,8134350.0,35398981.0,4977090.0,5478592.0,1.0,2097102.0,9643744.0,639876.0,630804.0,1800.0,232054.0,331673.0,4060975.0,3954035.0,119532.0,1310244.0,2235950.0,305233.0,278098.0,10310.0,162469.0,57484.0,6231458.0,6183846.0,190431.0,3054769.0,4415101.0,14077609.0,14586109.0,1390330.0,10733090.0,21116575.0,1248662.0,1073736.0,1.0,1131668.0,2340656.0,4783651.0,4820773.0,1243481.0,3291026.0,7965442.0,16230.0,23498.0,1.0,1481.0,1061347.0,6765872.0,7303110.0,146849.0,5059303.0,7572273.0
34,34,40,1,1,33,New Hampshire,1316470,1316472,1316807,1318194,335,1387,3191,12795,2350,9778,841,3017,399,1165,-882,-2763,-483,-1598,-23,-32,9.711571267,7.421629062,2.289942205,0.884250139,-2.097152904,-1.212902766,New Hampshire,New Hampshire,NH,New Hampshire,140858616.24,123935318.03999999,3887871.0,62658860.0,735714246.39,11461937.0,8829063.0,13000.0,2301540.0,98966159.0,1127957.0,1146415.0,13000.0,504075.0,3202813.0,11687401.0,10253862.0,168436.0,5925853.0,66369379.0,31197890.24,28274515.04,409630.0,11049217.0,188540368.84,42607962.0,37152006.0,120432.0,17807641.0,57323169.0,278853.0,267795.0,1.0,188469.0,434834.0,480682.0,471113.0,1.0,143905.0,51702.0,9110740.0,8807286.0,18482.0,2856466.0,13027046.0,833979.0,376337.0,1.0,594174.0,538068.0,1193076.0,1096473.0,17250.0,664803.0,1006831.0,22126598.0,22038198.0,1431990.0,14454449.0,23092105.0,321008.0,333992.0,1.0,220916.0,65814.0,6856342.0,7618522.0,815611.0,3259898.0,7491642.0,5481340.0,4597807.0,1.0,2855777.0,3970328.0,8727297.0,8661184.0,616379.0,7846044.0,11047793.0
35,35,40,1,2,34,New Jersey,8791894,8791894,8799593,8821155,7699,21562,25275,104343,16884,68372,8391,35971,8273,30889,-8854,-45244,-581,-14355,-111,-54,11.84319758,7.760397005,4.082800571,3.505980563,-5.135309806,-1.6293292430000001,New Jersey,New Jersey,NJ,New Jersey,631237490.59,582889703.41,51239517.0,216824061.07999998,1691827888.33,22061027.0,25748840.0,5722576.0,10607003.0,93932886.0,204593.0,207528.0,1.0,72753.0,106838.0,10399963.0,10405215.0,2104531.0,2993198.0,52162302.0,94135656.0,83834336.0,31183390.0,32240472.0,368917391.0,298628098.0,262308182.0,9701653.0,109695226.0,571726171.0,10863481.0,11004209.0,666387.0,3256249.0,7724462.0,3500796.0,3655545.0,117409.0,985341.0,1144833.0,71717891.0,64530465.0,3435875.0,21916322.0,96290007.0,1531015.0,1358756.0,1.0,1212412.0,411479.0,19091376.0,18187361.0,1415027.0,10409324.0,19248491.0,49750678.0,47393267.0,991528.0,12652448.0,154786711.0,4318098.0,4107048.0,52000.0,2619868.0,5383617.0,936936.0,838321.0,242000.0,178736.0,746910.0,29308465.0,29458968.0,19180.0,2093098.0,125194024.0,11296799.0,8668469.0,678348.0,5900759.0,18704932.0
36,36,40,4,8,35,New Mexico,2059179,2059180,2065913,2082224,6733,16311,7109,28511,3636,15760,3473,12751,1088,3471,2135,67,3223,3538,37,22,13.74641194,7.59859185,6.147820094,1.673522355,0.032303658,1.705826013,New Mexico,New Mexico,NM,New Mexico,203864041.1,192337678.07,11884417.0,94128886.62,776074291.88,16122084.0,12292092.0,159760.0,7892007.0,163585918.0,5315680.0,5114476.0,1945614.0,1561912.0,4674979.0,4180239.0,2589797.0,446634.0,592265.0,9893588.0,51353826.0,39616293.0,3158272.0,24449754.0,293961307.0,63784814.0,67794061.0,2666227.0,26867019.0,178861818.0,1624633.0,1753113.0,102594.0,735278.0,2464001.0,935195.0,914878.0,49546.0,140287.0,815521.0,6049894.0,6327874.0,153140.0,1361239.0,7347913.0,23933793.0,27040558.0,310485.0,10551804.0,117687080.0,9515213.0,10742219.0,281108.0,4178133.0,12341177.0,8220651.0,7344765.0,649830.0,5741289.0,8217772.0,1071444.0,963504.0,1.0,414922.0,1289577.0,419382.0,376416.0,1.0,329296.0,326766.0,1869153.0,1607968.0,214241.0,1696289.0,1745584.0,1680899.0,1718095.0,143089.0,1053987.0,2044192.0
37,37,40,1,2,36,New York,19378102,19378104,19395206,19465197,17102,69991,61126,242972,36134,146864,24992,96108,15809,64716,-23415,-90342,-7606,-25626,-284,-491,12.5048626,7.558542302999999,4.9463202939999995,3.3306911410000004,-4.64956578,-1.31887464,New York,New York,NY,New York,10618452727.859999,9887112207.379997,906913400.0,4132317806.430001,41789226116.450005,638499102.0,630511647.0,20419207.0,309650290.0,4725487582.0,77897817.0,29902868.0,4904724.0,62691256.0,117126141.0,126238494.0,126732322.0,8531523.0,45964580.0,579061334.0,2219888256.0,1964936231.32,115056869.0,1103001579.5900002,14008737267.42,2784341712.0699997,2565072091.81,145110092.0,1114202260.72,7107695908.079999,326466020.27,301383160.95,23507362.0,123175089.58,836630960.43,23460796.0,21905338.0,1584245.0,10501486.0,19416369.0,698483186.0,666533709.22,71945288.0,220922107.0,1820523342.29,352137964.0,332509952.0,1321601.0,168229229.0,516410860.0,60361407.0,60668987.0,4704105.0,32319799.0,121054245.0,3255128511.28,3120079458.55,468039757.0,636085273.8299999,10733134325.0,94459262.28,101054030.55,2349413.0,63308242.83,123289633.0,330309976.0,294865303.0,29890947.0,165247459.0,702722660.0,2526549384.0,2406123984.0,412061834.0,218335035.0,9430419318.0,121734296.0,121321500.0,3957133.0,85857526.0,189492999.0
38,38,40,3,5,37,North Carolina,9535483,9535475,9560234,9656401,24759,96167,29777,122131,19235,78169,10542,43962,6074,18955,8092,32941,14166,51896,51,309,12.71096631,8.135555471,4.5754108360000005,1.972769947,3.4283837939999997,5.40115374,North Carolina,North Carolina,NC,North Carolina,621384873.3499999,578303753.01,73016424.0,260100514.79000005,2183127823.1700006,24575382.0,19459184.0,3816340.0,15307332.0,201847302.0,8523274.0,12692002.0,1003161.0,2356571.0,15006650.0,13100300.0,11631511.0,634724.0,5524081.0,49163814.0,132947420.0,115458253.0,23234900.0,56274067.0,668439369.0,185176012.81,182543387.70000002,11183091.0,71970494.38,317679689.94,6713826.0,5962967.0,152450.0,3025456.0,15157601.0,9090332.0,9890917.0,102577.0,3128549.0,19373192.0,38262075.66,43472195.86,1924615.0,15502399.3,86306713.97,7755596.0,7750234.0,705441.0,4803193.0,7170188.0,34315710.0,33092432.0,5595243.0,16593920.0,26843100.0,33537943.53,31017632.08,3009122.0,14686658.53,80556843.53,5032780.0,4496824.0,981711.0,2166232.0,3630514.0,5399660.0,5763542.0,781925.0,2308442.0,12217422.0,7209508.0,6447465.0,455339.0,743762.0,14848343.0,7789902.0,6809310.0,218346.0,6487132.0,15333248.0
39,39,40,2,4,38,North Dakota,672591,672591,674629,683932,2038,9303,2280,8960,1226,5915,1054,3045,211,577,771,5597,982,6174,2,84,13.19042722,8.707742972,4.482684252,0.849428182,8.239600577000001,9.089028759,North Dakota,North Dakota,ND,North Dakota,65941527.78,57544184.0,3575266.0,25001840.0,199980832.0,1785016.0,1487802.0,1.0,1281171.0,7297222.0,190914.0,211609.0,12000.0,68350.0,42155.0,485407.0,440126.0,15671.0,388813.0,6007244.0,4095755.0,3736911.0,73571.0,2892174.0,26351187.0,5739566.78,5816746.0,170331.0,1830456.0,7563713.0,646661.0,570700.0,1.0,96558.0,378426.0,685115.0,648721.0,1.0,192257.0,317942.0,1035520.0,1000709.0,104073.0,182649.0,1881100.0,690565.0,573607.0,63258.0,347724.0,139760.0,1209125.0,1269069.0,3000.0,605707.0,2057307.0,23610807.0,21350909.0,2095275.0,6043399.0,55780457.0,121284.0,141390.0,1.0,25824.0,95372.0,8035128.0,8873028.0,2065275.0,4019296.0,20240523.0,125342.0,122616.0,1.0,58026.0,143066.0,2223531.0,2020065.0,30000.0,1935253.0,3416859.0
40,40,40,2,3,39,Ohio,11536504,11536502,11537968,11544951,1466,6983,35487,140808,26758,107668,8729,33140,2533,9186,-9670,-35198,-7137,-26012,-126,-145,12.20019011,9.328802826,2.87138728,0.795913203,-3.04970095,-2.253787747,Ohio,Ohio,OH,Ohio,1639303985.17,1415800224.26,160581678.0,584332222.04,7803865104.950001,146901776.0,134817309.0,8555750.0,67298586.0,2172070625.0,2528441.0,2764894.0,55742.0,1545914.0,8745511.0,39652346.0,29432187.0,2039534.0,22835393.0,181318374.0,461489422.04,359242181.38,80342054.0,175745969.04,3560940579.94,506906914.15,462362248.69,17900713.0,197828319.2,1678082149.0200002,16354463.0,15421880.0,988551.0,6775356.0,14312795.0,12062246.0,12480324.0,437754.0,5484107.0,24570595.0,73658681.95,65131796.56,3768737.0,30619937.0,157655690.73000002,12820759.0,13180763.0,423940.0,6681252.0,41577331.0,135396395.0,117708328.0,4494125.0,74181048.0,576270239.0,103430013.0,90678010.0,8723305.0,31292127.0,934527495.0,9639998.0,9573373.0,706342.0,3751154.0,3924642.0,24498525.0,24574329.0,6768669.0,10696196.0,37132196.0,17182373.0,17209012.0,98818.0,6072021.0,23549621.0,11284163.0,9740116.0,222233.0,9682942.0,43630450.0
41,41,40,3,7,40,Oklahoma,3751351,3751354,3760184,3791508,8830,31324,13366,53727,7930,34528,5436,19199,1564,4908,1738,7195,3302,12103,92,22,14.22912905,9.144440742999999,5.084688306,1.299841148,1.905533224,3.205374372,Oklahoma,Oklahoma,OK,Oklahoma,183709132.51,180015969.31,5877641.0,99728532.95,970048574.6500001,15558879.0,18835779.0,202114.0,10117609.0,143200027.0,5756931.0,3033919.0,17850.0,2345229.0,20094860.0,7608728.0,7950700.0,599975.0,4555028.0,55708176.0,49356379.0,52044694.0,1687033.0,38701054.0,406676997.0,55962389.57,57244002.37,1235307.0,24684921.95,134058070.7,615066.0,604692.0,1.0,343844.0,433715.0,10476066.0,11189953.0,160519.0,5383140.0,32819682.0,12693927.0,12735275.0,595157.0,4992745.0,36443020.0,2444052.0,2843039.0,117231.0,1510292.0,630189.0,9777399.0,9491301.0,198702.0,6013002.0,28423362.0,8126928.0,7684741.0,1.0,4647253.0,17325552.0,3653607.0,3474859.0,1.0,1244516.0,12521404.0,104845.0,192568.0,1.0,100608.0,393690.0,2825306.0,2540883.0,1.0,1827686.0,3349879.0,1.0,1.0,1.0,1.0,1.0
42,42,40,4,9,41,Oregon,3831074,3831074,3838332,3871859,7258,33527,11737,46232,7702,31451,4035,14781,1894,6604,1427,12209,3321,18813,-98,-67,11.99243962,8.158293355,3.834146262,1.7130574330000001,3.166977316,4.880034749,Oregon,Oregon,OR,Oregon,491658793.1999999,447640597.87000006,32542314.0,226451098.61,1137204504.68,24297811.0,20000559.0,187723.0,16580918.0,146159289.0,5913533.0,5579258.0,126821.0,2472248.0,9071228.0,7693763.0,6674563.0,37171.0,2359643.0,34354120.0,92647919.0,77013587.0,2333397.0,47804596.0,362090413.0,183668115.23000002,173819835.79999995,6165526.0,72903339.23,235200650.81,6833837.0,7125062.0,165930.0,2234051.0,3425372.19,8783229.0,8488150.0,258671.0,1687234.0,6310040.0,66102051.699999996,66146617.24,790843.0,25419709.49,88956865.15,8003508.0,9068664.0,388830.0,3436934.0,31323193.0,28388277.0,26665072.48,882332.0,14285699.0,25281519.0,67427540.25999999,60870789.59,4452104.0,49886859.0,122639831.6,4609404.26,4828023.59,261950.0,2021612.0,5615642.6,4206415.0,4074981.0,1795262.0,1875717.0,4753388.0,4340732.0,4263236.0,1.0,1940742.0,3811369.0,2051819.0,1988264.0,44635.0,1594416.0,1195357.0
43,43,40,1,2,42,Pennsylvania,12702379,12702379,12717722,12742886,15343,25164,36145,143420,30805,125152,5340,18268,4153,14714,6125,-7246,10278,7468,-275,-572,11.26603104,9.831029958,1.435001081,1.155824716,-0.569193006,0.58663171,Pennsylvania,Pennsylvania,PA,Pennsylvania,2126372066.3400004,1885124961.36,103907234.0,787617343.87,8097483716.099998,171174337.0,160001606.0,11700230.0,103612011.0,1653019054.0,26047061.0,20725789.0,982123.0,12263886.0,74568329.0,99100343.0,63701876.0,4974448.0,57464953.0,424435674.0,496415230.0,422835381.0,29925979.0,252607310.0,3373569701.0,595042325.5399998,594353433.25,25657375.0,216190804.77999997,1618746570.3400002,32122295.0,29724363.0,931901.0,14380401.0,34219988.0,19849014.0,17137320.0,1379860.0,9767981.0,27078410.0,150980659.29,150307081.73,11401309.0,45366655.36,243152104.67,27539246.0,26617852.0,852594.0,17373337.0,36329516.0,83972412.0,76394914.0,2137429.0,44025044.0,170346269.0,377990579.4,229528418.58999997,10676344.0,90402714.78999999,574885916.12,17280783.4,15724010.58,267253.0,10522715.79,25860362.13,196122807.0,63811774.0,3623939.0,36764146.0,273456752.0,63708848.0,58726008.0,7866.0,3030521.0,73504209.0,13145273.0,12790254.0,413547.0,11064144.0,22389150.0
44,44,40,1,1,44,Rhode Island,1052567,1052567,1052528,1051302,-39,-1226,2761,11012,2247,9189,514,1823,647,2040,-1184,-5089,-537,-3049,-16,0,10.46852645,8.735496689,1.73302976,1.9393201919999998,-4.837843362,-2.89852317,Rhode Island,Rhode Island,RI,Rhode Island,172289874.76000002,178460169.03,10327693.0,51914841.19,795351956.0,2053913.0,2530755.0,21468.0,748101.0,16813015.0,2735724.0,3037793.0,723728.0,597602.0,3552249.0,4388110.0,4035126.0,2800.0,2993862.0,19063746.0,23389590.0,23524942.0,855045.0,8313093.0,147636871.0,55453401.0,51327605.0,3666911.0,10296800.0,107101436.0,3187591.0,3071666.0,68128.0,1080386.0,1233040.0,89470.0,84268.0,1.0,13904.0,25975.0,15769701.0,14310416.0,2439846.0,3431487.0,23586438.0,1.0,1.0,1.0,1.0,1.0,228818.0,235373.0,1.0,84359.0,1148510.0,10711566.46,23385899.88,1.0,4984879.46,131866735.0,657778.0,635287.0,1.0,374725.0,371697.0,5582549.0,6373643.0,1.0,1380930.0,103151033.0,240531.0,207097.0,1.0,24755.0,888867.0,4015405.46,9228883.88,1.0,3175689.46,27313333.0
45,45,40,3,5,45,South Carolina,4625364,4625364,4637106,4679230,11742,42124,14781,59522,10101,41144,4680,18378,2233,6440,4826,17187,7059,23627,3,119,12.77798482,8.832656959,3.945327863,1.382517762,3.689647947,5.07216571,South Carolina,South Carolina,SC,South Carolina,255412979.19,232722941.0,24947251.0,112083041.92,872227091.0,9105595.0,11715734.0,1968386.0,5298022.0,29564695.0,10040782.0,10134014.0,1684403.0,3332455.0,38748284.0,12973910.0,11324219.0,1654713.0,5440965.0,80658164.0,62364853.0,45827297.0,9673848.0,36737739.0,211877870.0,89154126.97,88239785.0,4911364.0,29316618.92,374683624.0,1326672.0,1308393.0,33507.0,416226.0,1280441.0,4225729.0,4153647.0,674951.0,1273010.0,568835.0,16824931.0,13069096.0,673379.0,7375402.0,32570373.0,2053099.0,2218491.0,121865.0,539633.0,3037680.0,12864667.0,12322744.0,1064726.0,6200141.0,8775337.0,8240669.0,8294372.0,120490.0,3364791.0,8731843.0,1870548.0,2078455.0,120490.0,802493.0,3137398.0,4742400.0,4755959.0,1.0,1697357.0,1800132.0,453832.0,464281.0,1.0,358836.0,1242410.0,646413.0,491085.0,1.0,191978.0,358260.0
46,46,40,2,4,46,South Dakota,814180,814180,816598,824082,2418,7484,2968,11763,1329,6772,1639,4991,157,533,646,1964,803,2497,-24,-4,14.33917644,8.255113733,6.084062706,0.6497305999999999,2.394129264,3.043859863,South Dakota,South Dakota,SD,South Dakota,70959441.0,67523253.0,7059894.0,32456318.0,263900897.0,10139520.0,8726976.0,1849929.0,2091331.0,5368778.0,16903.0,8152.0,1.0,16903.0,39169.0,3082596.0,3704109.0,657745.0,1229247.0,15153254.0,18446910.0,20020083.0,3181158.0,5508865.0,52599378.0,10884650.0,11104361.0,584608.0,4671545.0,26319824.0,161350.0,157409.0,1.0,21436.0,164021.0,1.0,1.0,1.0,1.0,1.0,2655734.0,2612442.0,104754.0,765421.0,6119018.0,1.0,1.0,1.0,1.0,1.0,2341118.0,2427346.0,140804.0,1345025.0,2904860.0,1530155.0,1778692.0,139559.0,639351.0,7295217.0,31088.0,29066.0,14500.0,14152.0,5267.0,1.0,1.0,1.0,1.0,1.0,292432.0,533210.0,1.0,208254.0,5508151.0,548579.0,372963.0,1.0,268844.0,471756.0
47,47,40,3,6,47,Tennessee,6346105,6346110,6357436,6403353,11326,45917,20076,80536,14624,58883,5452,21653,2267,7608,3661,16667,5928,24275,-54,-11,12.622417,9.228739696,3.393677303,1.192402758,2.612220921,3.80462368,Tennessee,Tennessee,TN,Tennessee,604066794.44,539761430.75,32930249.0,255937667.09,1503498013.57,58107011.0,39979013.0,1374552.0,45112332.0,148709005.0,10549932.0,10444132.0,755912.0,4153114.0,29751791.0,805910.0,10742319.0,1795581.0,4459516.0,47119891.0,159832517.0,129801439.0,6378079.0,90834864.0,519022663.0,254891362.74,227869150.4,11851693.0,78739519.0,496831460.0,2368339.1100000003,2505045.4,53100.0,665712.0,1673323.0,19312234.0,12267677.0,352460.0,12595144.0,44359968.0,23042495.0,23143752.0,1921637.0,9185644.0,38988508.0,5050525.0,5866517.0,554151.0,2587022.0,16628173.0,34001771.0,36217208.0,673023.0,13497324.0,115025569.0,48727479.0,51978809.0,7088774.0,23893316.0,82855653.0,7710784.0,7958469.0,1236805.0,3478125.0,10858473.0,18110969.0,18878177.0,4030408.0,12883121.0,30819349.0,4031040.0,3140485.0,1.0,1240342.0,5259778.0,10358945.0,13478913.0,150942.0,1902818.0,21500571.0
48,48,40,3,7,48,Texas,25145561,25145561,25253466,25674681,107905,421215,97517,396133,39836,165335,57681,230798,19258,74383,30169,115146,49427,189529,797,888,15.55654479,6.492873185,9.063671608,2.921095873,4.521900237,7.44299611,Texas,Texas,TX,Texas,1945782938.1299999,1909678841.7300005,102658166.0,947013082.0499996,12411261552.870003,299981731.0,251056318.0,5748888.0,161911493.0,3377575075.0,30972821.0,32194356.0,615659.0,13794254.0,152500000.0,78776966.0,58241596.6,4528149.0,55308361.0,268470588.18,660091523.0,608691243.6,19348588.0,342396975.0,7882105155.71,582251999.8799998,576887368.46,20939061.0,253960225.18,1148725725.59,24884735.0,29404101.98,1635139.0,8767800.0,20970751.53,18492440.0,17775934.0,503641.0,6623642.0,10476770.43,141538678.37,129915437.88999999,6333258.0,61771427.17,256629692.23,57226257.0,55670426.0,694980.0,43071249.0,48755713.0,86137836.0,81047045.0,1910530.0,43428952.0,172535299.0,128098828.68,129724284.0,5798101.0,89946942.68,167281878.68,13834114.0,12857895.0,1413957.0,6132157.0,8192139.0,60598026.0,56038957.0,3557729.0,48122101.0,94779291.0,11509543.0,27323345.0,74916.0,5398885.0,13318794.0,17878770.68,12699575.0,106824.0,16777349.68,19356275.68
49,49,40,4,8,49,Utah,2763885,2763885,2775479,2817222,11594,41743,13153,52003,3420,14314,9733,37689,1402,5336,423,-1249,1825,4087,36,-33,18.59673886,5.118814684,13.47792417,1.9082014219999999,-0.446653594,1.461547828,Utah,Utah,UT,Utah,311935138.58,292060815.64,41953631.0,141510873.13000003,619608905.29,1688924.0,1474762.0,229199.0,1327804.0,14495801.0,4476061.0,4128220.0,1398387.0,1448891.0,7289238.0,12658358.0,7083437.0,127500.0,8978765.0,21117347.0,50671709.0,43599693.0,3700159.0,25370754.0,204246959.0,104241905.59,94546451.06,15245653.0,32502724.83,154057804.0,2347239.0,2409213.0,843789.0,933528.0,1234474.0,14094569.0,14547281.0,2004375.0,3462295.0,13884770.0,31992109.59,21966639.06,2517416.0,11473862.83,46932769.0,5808.0,3055.0,1.0,3302.0,1.0,22939908.0,23185819.0,4345050.0,9285634.0,45312117.0,70743457.0,67326831.0,3406837.0,47525591.0,78295893.0,63873904.0,59322241.0,2987288.0,43496486.0,66436448.0,1.0,1.0,1.0,1.0,1.0,1979862.0,2046326.0,129000.0,199758.0,4624317.0,794872.0,864542.0,216549.0,511626.0,1244987.0
50,50,40,1,1,50,Vermont,625741,625741,625909,626431,168,522,1530,5955,1305,5102,225,853,96,406,-132,-709,-36,-303,-21,-28,9.510196911,8.147947043,1.3622498680000001,0.648386221,-1.132280371,-0.48389415,Vermont,Vermont,VT,Vermont,203668130.89999998,153519765.04,10195016.0,73648001.22,672943903.0,8114146.0,8454264.0,64500.0,4286023.0,63869865.0,1.0,1.0,1.0,1.0,1.0,4101770.0,7508776.0,172310.0,2853956.0,119136534.0,25059980.0,27567587.0,1016829.0,13411452.0,232632404.0,42219079.2,40013034.66,491431.0,20386398.22,121947885.0,127512.0,200956.0,1.0,9959.0,1345982.0,79314.0,76430.0,1.0,810.0,169929.0,14811413.0,12873023.0,59898.0,8764061.0,38167648.0,272528.0,263112.0,1.0,166723.0,75302.0,1635287.0,1631593.0,151214.0,728096.0,5146995.0,92870797.0,37418379.0,1694320.0,20232736.0,127323757.0,1004367.0,2249595.0,1.0,131763.0,4051356.0,5829284.0,5717905.0,4450.0,1507670.0,8984566.0,2026448.0,1527465.0,1.0,1431942.0,2213141.0,322589.0,298199.0,1.0,1.0,132890.0
51,51,40,3,5,51,Virginia,8001024,8001030,8023953,8096604,22923,72651,25179,101935,13937,58943,11242,42992,6379,19239,5205,10333,11584,29572,97,87,12.64658535,7.312774613999999,5.333810736,2.38689023,1.281965629,3.6688558589999998,Virginia,Virginia,VA,Virginia,1930928081.5100002,1816616171.6,192372564.0,817092794.8,6132768046.83,39705136.0,41209067.0,4204654.0,22189819.0,451236899.0,4097587.0,3486806.0,100000.0,2343386.0,18352944.0,268725436.0,269124135.0,6670999.0,107925952.0,2454768294.0,388002423.0,381129580.0,12912721.0,185211584.0,3305195956.0,186341499.0,164628381.0,7855430.0,71716795.0,425509366.49,13182154.0,12678817.0,220778.0,4830770.0,12078855.0,4372203.0,4035197.0,86120.0,391972.0,1881493.0,39884886.0,39230268.0,941572.0,12504938.0,58546109.0,6909834.0,7274553.0,572859.0,3817054.0,3548075.39,12839094.0,13257887.0,660912.0,7080517.0,14872682.0,908484020.7199999,861261620.7,129750283.0,396131245.05,1191697831.24,7216202.0,7522470.0,126435.0,5885151.0,4404507.0,775610619.0,733094735.0,126646942.0,369902942.0,732847521.0,46419378.0,44337506.0,412446.0,6686094.0,85049645.0,9840543.0,9443066.0,18000.0,5700814.0,13758281.0
52,52,40,4,9,53,Washington,6724540,6724540,6742950,6830038,18410,87088,21833,86767,11764,48434,10069,38333,4744,17144,3626,31540,8370,48684,-29,71,12.785246699999998,7.136822047000001,5.648424651,2.526193938,4.647465982,7.173659918999999,Washington,Washington,WA,Washington,940769860.8599999,853913409.0200002,41435398.0,406374791.2900001,2722302535.1400003,60576068.0,56346685.0,547740.0,32904591.0,465372872.0,17005761.0,12453286.0,271118.0,9547565.0,42074916.0,25470290.0,18594550.0,5482631.0,14891262.0,180133676.0,189975998.61,172407984.97,11293644.0,90581951.66,1205594221.79,377065640.40000004,338235351.02,10198384.0,111916615.02,656119117.08,5330726.34,5410499.9,76735.0,1542831.0,2498859.0,30678376.0,26941499.0,397936.0,7739158.0,19393974.0,39499231.15,41219807.33,1141998.0,14244470.56,47315321.440000005,45657015.0,25686169.0,5401986.0,18136176.0,82199950.0,49776984.93,46288193.64,483561.0,26100699.97,102544262.17,105612594.0,93313492.0,4819746.0,80861990.0,163863160.0,14026771.0,15971325.0,346843.0,4960886.0,46464005.0,28699695.0,26078400.0,2569687.0,21199465.0,37714075.0,5076817.0,4703858.0,58681.0,2619059.0,7289528.0,51464147.0,39908843.0,1843352.0,47325782.0,66906581.0
53,53,40,3,5,54,West Virginia,1852994,1852996,1854368,1855364,1372,996,5127,20642,5380,21640,-253,-998,199,715,1481,1333,1680,2048,-55,-54,11.128566699999999,11.66661096,-0.538044258,0.385472589,0.718650296,1.104122885,West Virginia,West Virginia,WV,West Virginia,58944551.13,62966861.0,4958058.0,21982976.79,248083325.95,1699951.0,2173581.0,152689.0,1185002.0,22196904.0,82197.0,115943.0,1.0,37464.0,74127.0,685463.0,756534.0,30488.0,381680.0,5328250.0,3421637.0,4301265.0,225877.0,2227221.0,34206097.0,17422434.0,16010806.0,1561369.0,8580483.0,22790221.0,821256.0,775291.0,52050.0,494850.0,202924.0,467859.0,481231.0,44664.0,172655.0,471341.0,5688802.0,5542254.0,767460.0,1721193.0,4967282.0,261207.0,287477.0,1.0,117406.0,425166.0,6972813.0,5820213.0,308271.0,4999260.0,10104368.0,11077513.0,11080790.0,1.0,2885015.0,5325685.0,324921.0,244950.0,1.0,272410.0,267088.0,2190425.0,2309925.0,1.0,1864008.0,681731.0,6521383.0,6499093.0,1.0,46629.0,242337.0,424235.0,223347.0,1.0,164168.0,390722.0
54,54,40,2,3,55,Wisconsin,5686986,5686986,5691659,5711767,4673,20108,17577,69346,11376,46070,6201,23276,1400,5158,-2807,-8183,-1407,-3025,-121,-143,12.16230982,8.080027879,4.082281939,0.904640413,-1.435182725,-0.530542312,Wisconsin,Wisconsin,WI,Wisconsin,678510392.1400001,573045675.9,53733537.0,336088759.21000004,2236920834.09,22199119.0,26100009.0,1463129.0,12496786.0,208419838.0,16236942.0,15435611.01,240126.0,8795708.0,39665357.0,9470162.58,8991980.23,251483.0,5741534.359999999,93297893.88,83007481.58,76221442.24000001,2384846.0,50288990.36,539452145.88,292628625.08,255783622.26,6560139.0,142525426.34,685611258.33,4688595.0,4635770.0,42937.0,1493469.0,2954406.0,1630788.0,1631581.0,16784.0,222925.0,1180775.0,62071542.21,50785226.0,644813.0,25308520.47,116344790.33,5670096.0,5789083.0,101198.0,4232742.0,7751633.0,61672726.0,32082723.0,140799.0,52290490.0,97955878.0,76197386.0,63757675.0,964402.0,34273827.0,79918306.0,5110868.0,3389806.0,141563.0,3717103.0,3589931.0,14772425.0,6679769.0,146764.0,13859013.0,5133126.0,16699687.0,16538807.0,23704.0,984246.0,3550528.0,12542875.0,11459844.0,532194.0,11080880.0,9562419.0
55,55,40,4,8,56,Wyoming,563626,563626,564554,568158,928,3604,1855,7555,922,4433,933,3122,150,460,-174,25,-24,485,19,-3,13.33966622,7.827232342,5.512433876,0.812209988,0.044141847000000005,0.856351835,Wyoming,Wyoming,WY,Wyoming,86206811.71000001,66958057.75,2729013.0,50753551.0,501103756.0,12686264.0,5671830.0,1.0,10610318.0,38663694.0,102559.0,93933.0,1.0,42551.0,158355.0,3993700.0,4742575.0,452352.0,1635179.0,30756818.0,51068715.0,31687271.0,1514207.0,30837687.0,324090997.0,17201479.71,11701165.75,200790.0,11039895.0,34231899.0,98965.0,77411.0,17175.0,8993.0,128311.0,65735.0,49407.0,1.0,26214.0,48811.0,882950.71,646600.75,26601.0,251177.0,1785876.0,1.0,1.0,1.0,1.0,1.0,1145089.0,1173761.0,1.0,721697.0,3658766.0,3944551.0,3488106.0,1.0,2283645.0,2757961.0,1218189.0,987318.0,1.0,399850.0,130127.0,555432.0,580127.0,1.0,446537.0,908153.0,99434.0,97765.0,1.0,63338.0,61063.0,173449.0,194848.0,1.0,174789.0,313157.0
56,56,40,X,X,72,Puerto Rico Commonwealth,3725789,3725789,3721978,3706690,-3811,-15288,10491,42079,7224,28976,3267,13103,-7078,-28391,0,0,-7078,-28391,0,0,11.32881426,7.801129355,3.527684909,-7.6436314020000005,0.0,-7.6436314020000005,Puerto Rico,Puerto Rico,PR,Puerto Rico,41843915.0,49393601.0,19131626.0,11125548.0,81688949.0,10489905.0,12751024.0,2769069.0,4028408.0,59226907.0,1.0,1.0,1.0,1.0,1.0,54501.0,63271.0,1.0,35427.0,73819.0,15523082.0,17834531.0,3901702.0,6121182.0,62311078.0,2936888.0,3443499.0,961989.0,500426.0,6485337.0,537435.0,499526.0,127350.0,103492.0,11237.0,920784.0,933147.0,216996.0,76889.0,158377.0,345751.0,378410.0,122473.0,91324.0,3997131.0,1.0,1.0,1.0,1.0,1.0,411814.0,407902.0,295170.0,1.0,499454.0,17329425.0,21564311.0,11896155.0,2882326.0,9072008.0,1.0,1.0,1.0,1.0,1.0,1.0,1.0,1.0,1.0,1.0,671588.0,910798.0,49049.0,485847.0,2405768.0,1.0,1.0,1.0,1.0,1.0
57,13,40,3,5,11,District of Columbia,601723,601723,604912,1,3189,13084,2232,9003,1098,4773,1134,4230,598,1862,1427,6907,2025,8769,30,85,14.72392036,7.80598377,6.917936591,3.045200457,11.29602554,14.341226,District of Columbia,District of Columbia1,DC,District of Columbia,12269848626.6,11278123336.47,2374229093.0,880173242.87,16237866665.179998,40694623.0,32966387.0,1125271.0,21355282.0,193925139.0,1025611.0,276643.0,1.0,1023162.0,1775971.0,174547071.0,125445556.0,52812964.0,102991416.0,714371487.0,1750793267.0,1622005420.0,1025615597.0,366659396.0,6255043650.0,424332644.15999997,415543708.26,64755040.0,149289838.64,914456266.44,13039294.0,12378974.0,2162224.0,2919269.0,8557123.0,14394392.0,17560521.0,224809.0,2922124.0,8377708.0,93514745.0,96477989.0,5450126.0,42157614.0,325702748.0,1491829.0,1285299.0,230119.0,977322.0,428387.0,2663091.0,2689601.0,699392.0,1716063.0,385722.0,9407514493.0,8584091617.0,1173765452.0,135341496.0,7250518978.0,5721417.0,4907259.0,198361.0,3039554.0,7152575.0,6873562.0,7622055.0,1.0,2759029.0,2964002.0,23903016.0,24353591.0,2076193.0,15841491.0,19890499.0,194020492.0,195075240.0,170259698.0,6182215.0,492029734.0
